[
  {
    "icon": "fa fa-home",
    "slug": "external",
    "title": "Volver al inicio",
    "path": "index.html"
  },  
  { 
    "id": 1,
    "icon": "fa fa-file-text",
    "slug": "identidad_corporativa",
    "title": "1. La identidad corporativa",
    "breadcrumb": ["Inicio","identidad corporativa"],
    "path": "pages/tema_1.html",    
    "submenu": [
      {
        "icon": "fa fa-file-text",
        "slug": "identidad_corporativa",
        "title": "1.1 Antecedentes de la identidad corporativa",
        "anchor": "tema1_1"
      }, 
      {
        "icon": "fa fa-file-text",
        "slug": "identidad_corporativa",
        "title": "1.2 Concepto de Identidad corporativa",
        "anchor": "tema1_2"
      },  
      {
        "icon": "fa fa-file-text",
        "slug": "identidad_corporativa",
        "title": "1.3 Concepto de imagen corporativa",
        "anchor": "tema1_3"
      },  
      {
        "icon": "fa fa-file-text",
        "slug": "identidad_corporativa",
        "title": "1.4 Identidad visual",
        "anchor": "tema1_4"
      },
      {
        "icon": "fa fa-file-text",
        "slug": "identidad_corporativa",
        "title": "1.5 Construcción de la identidad corporativa",
        "anchor": "tema1_5"
      }     
    ]   
  },
  {
    "id": 2,
    "icon": "fa fa-play-circle",
    "slug": "software",
    "title": "2. Manejo de software de diseño vectorial",
    "breadcrumb": [
      "Inicio",
      "identidad corporativa"
    ],
    "path": "pages/tema_2.html",
    "submenu": [
      {
        "icon": "fa fa-play-circle",
        "slug": "software",
        "title": "2.1 Software de diseño vectorial en el mercado",
        "anchor": "tema2_1"
      },
      {
        "icon": "fa fa-play-circle",
        "slug": "software",
        "title": "2.2 Manejo de Illustrator",
        "anchor": "tema2_2"
      }
    ]
  },
  {
    "id": 3,
    "icon": "fa fa-file-text",
    "slug": "manual_identidad_corporativa",
    "title": "3. Manual de identidad corporativa",
    "breadcrumb": [
      "Inicio",
      "identidad corporativa"
    ],
    "path": "pages/tema_3.html",
    "submenu": [
      {
        "icon": "fa fa-file-text",
        "slug": "manual_identidad_corporativa",
        "title": "3.1 Software de diseño vectorial en el mercado",
        "anchor": "tema3_1"
      },
      {
        "icon": "fa fa-file-text",
        "slug": "manual_identidad_corporativa",
        "title": "3.2 Medios de entrega y difusión",
        "anchor": "tema3_2"
      }
    ]
  }  
]